Method,Precision@10,Recall@10,Hit@10
Content-Based,0.007666666666666668,0.07666666666666666,0.07666666666666666
Hybrid,0.04766666666666667,0.4766666666666667,0.4766666666666667
Item-CF,0.05866666666666667,0.5866666666666667,0.5866666666666667
Popularity,0.0023333333333333335,0.023333333333333334,0.023333333333333334
Random,0.0,0.0,0.0
SVD,0.007333333333333334,0.07333333333333333,0.07333333333333333
