k,MAE_observed,RMSE_observed
5,0.680360099725213,0.8793597579408691
20,0.643729248498559,0.8380767896827199
50,0.6015743811485869,0.792543047884921
100,0.5489409564905309,0.7367522777745328
