k,MAE,RMSE
5,0.009713041068220688,0.08286120236395444
20,0.010876776547155532,0.07997020554464175
50,0.01174607311682781,0.07656137839390877
100,0.012513287110381622,0.07232469115264262
