k,userId,movieId,pred_rating,pred_rating_clipped_1_5
50,1,5837,0.5001333901772096,1.0
50,1,72505,0.5001333901772096,1.0
50,131,5837,0.5002914133686593,1.0
50,131,72505,0.5002914133686593,1.0
50,4222,5837,0.5019337766247929,1.0
50,4222,72505,0.5019337766247929,1.0
